text,ml_score,risk_score,result,timestamp
"just chat with us and get a job, no experience required only pay the admission fee and get up to 100000 hike, register now.
",60.0,70.0,SUSPICIOUS JOB,25-05-2026 16:32:19
"from: reglna smlth  intervewdesk bignamecompanyregina@@gmail.com  dale  mon  may 25, 2020 al 10,18 am subject: job interview dear applicant your resuma had been reviewed by iho hiring depl ol  big name company  we beliove you have ue required quallicatons to occupy one(1) among the  sted opening posillons in uho company: thls is slrculy online and works from home job, ihe working hours are llexible and you can choose (o work from anywhere cl your cholce: payment is s25 per hour and s15 per hour (or (raining  you will receive payment ellther weekly or bi-weekly via direct deposll or paycheck the poslllons availablo aro  dala entry  administrativo ctornassislance  cuslomor sorvico, payroll clerk excculivo assislanl kindly lext us on this number (555) 256-5555 or email back il you are interesled in proceeding (urther please email or text our intervew desk al bigqamecompady-lennilerh @gqailcom (jennifer clark) she wi be ihe one to briel and inlerview you aboul the job and company: kind rogards john allen",47.5,82.5,SCAM JOB DETECTED,25-05-2026 16:35:52
"forwarded messaae from: redbull jobs date: tue, oct 22, 2024,6.12p.m: subject: red bull invites you to apply: social media manager role to  hi @red bull, we ve been following your impressive work as a social media manager your creativity, keen analytical abilities, and talent for community engagement have really stood out to us we re currently seeking top talent to join our team and believe you could make a valuable contribution. we d love to invite you for a conversation to explore potential opportunities for collaboration: you re interested, please apply through the link below apply for social media manager feel free to reach out if you have any questions or need more information. best regards, the red bull team red bull employee, contractor and applicant privacy notice red bull north america, inc_, red bull media house north america, inc_, red bull distribution company  inc ",10.0,10.0,LEGITIMATE JOB,25-05-2026 16:39:27
"free job with no experience, training ill be provided
",32.5,42.5,LEGITIMATE JOB,25-05-2026 16:44:59
"work from home part time full time job no experience required earn work 2-3 hours daily 225,000 - earn rs. 25,000 7 45,000 per month 45,000 per month training will be provided whatsapp now apply nowi  91 98765 43210 limited seats available start earning today  your success is our goal",72.5,100.0,SCAM JOB DETECTED,25-05-2026 16:51:31
"meta careers to me thu  oct 31, 11.39am dear nicole  we hope you are having a great day: weve taken notice of your impressive ability to leverage meta tools for business expansion  and we are thoroughly impressed. your skills and experience are a perfect match for what we need in a digital marketing manager@meta. this role demands a creative visionary with strategic acumen to lead our social media initiatives, enhance our brand recognition, and intensify user engagement across various channels.@meta, we are committed to  fostering a culture where innovation thrives and outstanding ideas can flourish  you are intrigued by this opportunity  please reply to this email so we can explore this role in further detail, covering all responsibilities and the benefits it entails. our hr team is ready to facilitate your journey through the recruitment process_ we are excited about the possibility of you joining our team and driving our growth. best regards, meta hr team this message was sent@your requesi- meta platforms, inc_ attenlion  community support, meta way  menk park  ca 94025",1.25,1.25,LEGITIMATE JOB,25-05-2026 17:17:12
"work from home part time full time job no experience required earn work 2-3 hours daily 725,000 - earn rs. 25,000 5 45,000 per month 45,000 training will be provided per month whatsapp now  91 98765 43210 apply nowi limited seats available start earning today  your success is our goal",65.0,87.0,SCAM JOB DETECTED,27-05-2026 09:25:52
